{"stats":{"minecraft:used":{"minecraft:birch_fence":444,"minecraft:netherite_sword":8,"minecraft:cow_spawn_egg":1,"minecraft:jungle_leaves":442,"minecraft:ocelot_spawn_egg":112,"minecraft:cyan_terracotta":72,"minecraft:lime_concrete":1090,"minecraft:light_blue_concrete":1120,"minecraft:command_block":6,"minecraft:light_gray_concrete":254,"minecraft:crafting_table":3,"minecraft:red_concrete":1101,"minecraft:yellow_concrete":1093,"minecraft:repeating_command_block":6,"minecraft:ender_pearl":10,"minecraft:white_concrete":2355},"minecraft:killed":{"minecraft:zombified_piglin":6},"minecraft:dropped":{"minecraft:repeating_command_block":1,"minecraft:ocelot_spawn_egg":16,"minecraft:command_block":1,"minecraft:ender_pearl":11,"minecraft:dropper":112,"minecraft:crafting_table":64,"minecraft:white_concrete":1,"minecraft:stick":31},"minecraft:custom":{"minecraft:time_since_rest":157288,"minecraft:open_chest":1,"minecraft:crouch_one_cm":2149,"minecraft:play_time":189000,"minecraft:sprint_one_cm":33691,"minecraft:damage_taken":770,"minecraft:deaths":3,"minecraft:walk_one_cm":75651,"minecraft:sneak_time":5932,"minecraft:mob_kills":7,"minecraft:drop":50,"minecraft:jump":321,"minecraft:damage_dealt":717,"minecraft:leave_game":10,"minecraft:time_since_death":188634,"minecraft:total_world_time":4847,"minecraft:interact_with_crafting_table":3,"minecraft:fall_one_cm":269,"minecraft:fly_one_cm":1714170},"minecraft:crafted":{"minecraft:bee_spawn_egg":17},"minecraft:picked_up":{"minecraft:rotten_flesh":4,"minecraft:gold_nugget":4}},"DataVersion":2975}