{"stats":{"minecraft:custom":{"minecraft:interact_with_crafting_table":5,"minecraft:leave_game":3,"minecraft:time_since_death":4105,"minecraft:damage_resisted":2667,"minecraft:time_since_rest":4133,"minecraft:sprint_one_cm":21794,"minecraft:damage_taken":851,"minecraft:walk_one_cm":20966,"minecraft:drop":31,"minecraft:damage_dealt":8,"minecraft:fly_one_cm":38381,"minecraft:open_chest":2,"minecraft:crouch_one_cm":1185,"minecraft:play_time":10948,"minecraft:deaths":3,"minecraft:sneak_time":270,"minecraft:jump":185,"minecraft:total_world_time":10948,"minecraft:fall_one_cm":27793},"minecraft:dropped":{"minecraft:pink_concrete":8,"minecraft:enchanted_book":2,"minecraft:red_concrete":8,"minecraft:creeper_head":1,"minecraft:piston":6,"minecraft:lime_concrete":8,"minecraft:yellow_concrete":8,"minecraft:sticky_piston":1,"minecraft:orange_concrete":8,"minecraft:purple_concrete":8,"minecraft:blue_concrete":8,"minecraft:observer":1,"minecraft:comparator":2,"minecraft:green_concrete":8,"minecraft:light_gray_concrete":8,"minecraft:magenta_concrete":8,"minecraft:light_blue_concrete":8,"minecraft:redstone_lamp":3,"minecraft:gray_concrete":8,"minecraft:dispenser":3,"minecraft:dropper":3,"minecraft:repeater":4,"minecraft:white_concrete":8,"minecraft:gold_nugget":1,"minecraft:cyan_concrete":8,"minecraft:black_concrete":8,"minecraft:written_book":1,"minecraft:brown_concrete":8,"minecraft:redstone":17},"minecraft:used":{"minecraft:crafting_table":1,"minecraft:diamond_helmet":1,"minecraft:sticky_piston":1,"minecraft:wooden_axe":1,"minecraft:diamond_pickaxe":1,"lucky:lucky_block":1,"minecraft:iron_pickaxe":19,"minecraft:iron_boots":1,"minecraft:diamond_leggings":1},"minecraft:crafted":{"minecraft:oak_planks":12,"minecraft:crafting_table":1,"minecraft:iron_sword":1,"minecraft:diamond_helmet":1,"minecraft:diamond_leggings":1,"minecraft:iron_boots":1,"minecraft:shield":1,"minecraft:iron_axe":1,"minecraft:stick":4},"minecraft:mined":{"minecraft:iron_bars":2,"lucky:lucky_block":4,"minecraft:iron_block":1,"minecraft:yellow_stained_glass":32,"minecraft:emerald_block":1},"minecraft:killed_by":{"minecraft:zombified_piglin":1},"minecraft:picked_up":{"minecraft:leather_chestplate":2,"minecraft:light_blue_concrete":8,"minecraft:redstone_block":3,"minecraft:repeater":4,"minecraft:creeper_head":1,"minecraft:rabbit_stew":7,"minecraft:redstone_lamp":3,"minecraft:beacon":1,"minecraft:gold_block":3,"minecraft:enchanted_book":6,"minecraft:brown_concrete":8,"minecraft:dragon_head":1,"minecraft:blue_concrete":8,"lucky:lucky_block":1,"minecraft:wither_skeleton_skull":1,"minecraft:gray_concrete":8,"minecraft:lapis_block":4,"minecraft:lapis_lazuli":19,"minecraft:orange_concrete":8,"minecraft:sticky_piston":2,"minecraft:leather_boots":1,"minecraft:netherite_ingot":1,"minecraft:zombie_head":1,"minecraft:comparator":2,"minecraft:iron_ingot":14,"minecraft:written_book":1,"minecraft:observer":1,"minecraft:iron_pickaxe":1,"minecraft:cyan_concrete":8,"minecraft:honeycomb":14,"minecraft:piston":6,"minecraft:purple_concrete":8,"minecraft:tipped_arrow":1,"minecraft:pink_concrete":8,"minecraft:emerald_block":3,"minecraft:cooked_porkchop":9,"minecraft:yellow_concrete":8,"minecraft:lime_concrete":8,"minecraft:dropper":3,"minecraft:porkchop":16,"minecraft:honeycomb_block":4,"minecraft:diamond_block":3,"minecraft:redstone":17,"minecraft:tnt":5,"minecraft:light_gray_concrete":8,"minecraft:diamond_shovel":1,"minecraft:dispenser":3,"minecraft:honey_bottle":6,"minecraft:green_concrete":8,"minecraft:diamond":12,"minecraft:black_concrete":8,"minecraft:honey_block":2,"minecraft:iron_block":5,"minecraft:white_concrete":8,"minecraft:gold_ingot":16,"minecraft:emerald":13,"minecraft:netherite_chestplate":1,"minecraft:red_concrete":8,"minecraft:magenta_concrete":8,"minecraft:iron_bars":2,"minecraft:skeleton_skull":1,"minecraft:diamond_pickaxe":2}},"DataVersion":2975}