{"stats":{"minecraft:dropped":{"minecraft:lever":64,"minecraft:milk_bucket":1,"minecraft:white_concrete":1,"minecraft:gold_nugget":1,"lucky:lucky_bow":1,"minecraft:yellow_stained_glass":1,"minecraft:command_block":5,"minecraft:light_blue_concrete":1},"minecraft:custom":{"minecraft:time_since_rest":172,"minecraft:sprint_one_cm":24088,"minecraft:damage_taken":1373,"minecraft:walk_one_cm":20946,"minecraft:drop":8,"minecraft:damage_dealt":20,"minecraft:fly_one_cm":68386,"minecraft:play_time":19004,"minecraft:deaths":6,"minecraft:sneak_time":43,"minecraft:aviate_one_cm":45382,"minecraft:jump":127,"minecraft:leave_game":2,"minecraft:time_since_death":131,"minecraft:total_world_time":19004,"minecraft:fall_one_cm":1508},"minecraft:used":{"minecraft:trident":2,"minecraft:lever":3,"minecraft:firework_rocket":5,"minecraft:command_block":3,"lucky:lucky_block":8,"minecraft:bow":5,"minecraft:light_blue_concrete":10,"minecraft:white_concrete":6,"minecraft:milk_bucket":1},"minecraft:mined":{"lucky:lucky_block":4,"minecraft:yellow_stained_glass":24},"minecraft:killed_by":{"minecraft:blaze":3},"minecraft:picked_up":{"minecraft:tipped_arrow":2,"minecraft:light_blue_concrete":1,"minecraft:clock":1,"minecraft:enchanted_book":8,"minecraft:trident":1,"minecraft:leather_helmet":1,"minecraft:elytra":1,"minecraft:iron_axe":1,"minecraft:iron_hoe":1,"minecraft:firework_rocket":13,"minecraft:zombie_head":1,"minecraft:iron_shovel":1,"minecraft:arrow":21,"minecraft:command_block":5,"minecraft:bow":1,"minecraft:lever":1,"minecraft:white_concrete":1,"minecraft:player_head":1,"minecraft:iron_pickaxe":1,"minecraft:baked_potato":13}},"DataVersion":2975}